,Id,Churn
0,0,0.030740645711309182
1,1,0.7668379313641318
2,2,0.6805815170704727
3,3,0.02209592433927995
4,4,0.0015881568342395772
5,5,0.11908156495849878
6,6,0.3918068222770215
7,7,0.2989730823543627
8,8,0.02519029585163024
9,9,0.30444518783616276
10,10,0.19698964778343447
11,11,0.2084951936321359
12,12,0.274738399622807
13,13,0.07818739196330242
14,14,0.007228844073154888
15,15,0.03425446645440065
16,16,0.14226247867684164
17,17,0.277150735327318
18,18,0.013189120884192135
19,19,0.01905644820066278
20,20,0.09542049655083873
21,21,0.007724046867497057
22,22,0.8751507697210403
23,23,0.4579593540478731
24,24,0.10057987722588152
25,25,0.561106261651363
26,26,0.11274007997523437
27,27,0.018700518076177657
28,28,0.019038091117532303
29,29,0.00152960721393152
30,30,0.5873852160907262
31,31,0.26757122961453245
32,32,0.8144178572239141
33,33,0.5242319559649042
34,34,0.1076981548668207
35,35,0.03459065942568838
36,36,0.6264668747582599
37,37,0.03396875035027444
38,38,0.12676942147116887
39,39,0.030479506864144464
40,40,0.32637638654334045
41,41,0.6523688815062056
42,42,0.3481874530140425
43,43,0.13961806527132545
44,44,0.34674284796051613
45,45,0.28686713277005094
46,46,0.14115990005248175
47,47,0.0603497164773871
48,48,0.2291997677544771
49,49,0.2275384005752777
50,50,0.32380262852809893
51,51,0.7401960203148914
52,52,0.23783806360532112
53,53,0.11153039840082024
54,54,0.4490794479122832
55,55,0.009464317380081374
56,56,0.013468511208975955
57,57,0.7879329061880804
58,58,0.8261758919535512
59,59,0.18517685005152268
60,60,0.017273934174180928
61,61,0.5475223945724955
62,62,0.06396106648994046
63,63,0.0594483983363624
64,64,0.8064212491509793
65,65,0.005517688927451979
66,66,0.26068504795697617
67,67,0.4406913110536167
68,68,0.019569398287779687
69,69,0.6420886514913676
70,70,0.5061931387293169
71,71,0.6581643422691923
72,72,0.062478596619263055
73,73,0.4843920269434598
74,74,0.9188248559338301
75,75,0.02416396648362783
76,76,0.08293268842431642
77,77,0.02431978107400388
78,78,0.1180431709478471
79,79,0.010765153737873963
80,80,0.37693330738083675
81,81,0.7992548067575279
82,82,0.8584006138725652
83,83,0.2396948916520341
84,84,0.2861442792200173
85,85,0.04300642714252388
86,86,0.06556840899584729
87,87,0.3122774725136505
88,88,0.251061749827144
89,89,0.2861442792200173
90,90,0.0981499246054926
91,91,0.08646733268127035
92,92,0.889500061080138
93,93,0.8116987349472174
94,94,0.0022001237947916947
95,95,0.0260222039458901
96,96,0.13743694061493197
97,97,0.7299376564988292
98,98,0.24058152203853944
99,99,0.6778355261092422
100,100,0.020069959788680317
101,101,0.8913891661932072
102,102,0.003479145163285698
103,103,0.6357964030925783
104,104,0.0020980087450468464
105,105,0.845446369768108
106,106,0.3130073198367965
107,107,0.11454289803796297
108,108,0.008453802841032115
109,109,0.18869875779294032
110,110,0.11134959744156432
111,111,0.08285060610878689
112,112,0.551409278360249
113,113,0.3307063551315826
114,114,0.00455880845842169
115,115,0.8484042569936961
116,116,0.017321928607896022
117,117,0.006441496344509789
118,118,0.015104065024969556
119,119,0.8096021868563829
120,120,0.11358616195654525
121,121,0.027818414110853982
122,122,0.2615540694229122
123,123,0.2806291076170658
124,124,0.25688346871302803
125,125,0.20738289129482135
126,126,0.7185000913627422
127,127,0.2027202333595828
128,128,0.13713836911108507
129,129,0.1528627756344229
130,130,0.2605955420571517
131,131,0.046996432215742796
132,132,0.004769427805650739
133,133,0.02425484365411484
134,134,0.19725712720085847
135,135,0.04663337624668983
136,136,0.07932620753867685
137,137,0.005889774475056971
138,138,0.045856898906773864
139,139,0.1367033530831171
140,140,0.011383206328854454
141,141,0.0043184047750876075
142,142,0.248456025688613
143,143,0.10109300598929012
144,144,0.1510933031992094
145,145,0.10391794228419358
146,146,0.22312709720388238
147,147,0.007996726780514638
148,148,0.005948671070771122
149,149,0.761917314629406
150,150,0.03721930720211727
151,151,0.5525473107415558
152,152,0.32350644114874755
153,153,0.01335634264142322
154,154,0.194189219721598
155,155,0.8927205009080328
156,156,0.016808483229469335
157,157,0.07246485094387801
158,158,0.02445586882568247
159,159,0.09765185953224148
160,160,0.21903017115132212
161,161,0.6699575476541554
162,162,0.10283222852236748
163,163,0.01681793233639578
164,164,0.5012721014625888
165,165,0.052637569672831626
166,166,0.06372684095226576
167,167,0.11196418826270245
168,168,0.012037021900105927
169,169,0.5700099481512227
170,170,0.864999403451421
171,171,0.015092851272123717
172,172,0.3822690498416241
173,173,0.36687467949616165
174,174,0.08635402354073055
175,175,0.4824931633582439
176,176,0.05798464178876901
177,177,0.02936518766239227
178,178,0.020827528710279587
179,179,0.8497787570433983
180,180,0.14563935102632128
181,181,0.0954108991156676
182,182,0.06441121969553776
183,183,0.10323452103261196
184,184,0.09981457072990621
185,185,0.016001887651797067
186,186,0.12938216708731914
187,187,0.007810396154866463
188,188,0.01282154918423772
189,189,0.016819586120675054
190,190,0.02429301313803395
191,191,0.005187673049245657
192,192,0.16554283594290894
193,193,0.0293200996441938
194,194,0.4038866380602039
195,195,0.2279515313044772
196,196,0.0205674463586137
197,197,0.18081118859351925
198,198,0.3107627746370001
199,199,0.6455245020711804
200,200,0.48481805957759033
201,201,0.7239251460157846
202,202,0.14100698907297352
203,203,0.7170124295106469
204,204,0.13575539194463274
205,205,0.011939499581035705
206,206,0.08565629696380521
207,207,0.6194037815623528
208,208,0.7644574974124286
209,209,0.5343619009813482
210,210,0.26008107997002866
211,211,0.08200074216612993
212,212,0.5922245016000576
213,213,0.013448185623961337
214,214,0.023051997126511018
215,215,0.7806158970394241
216,216,0.9401134620773652
217,217,0.8298061733525431
218,218,0.14199012444469655
219,219,0.5047427562390887
220,220,0.41523967427619285
221,221,0.024460241514904404
222,222,0.033427795647570896
223,223,0.2443742580709334
224,224,0.003680861288244067
225,225,0.624453389727834
226,226,0.2409960141027343
227,227,0.0573226964763957
228,228,0.398686921396242
229,229,0.3677684868847796
230,230,0.0039446269076708175
231,231,0.00858693600029052
232,232,0.22629335209893792
233,233,0.003996156149341922
234,234,0.019985733420713463
235,235,0.012945589514603345
236,236,0.7902217184757789
237,237,0.25519521326513356
238,238,0.06959809317072929
239,239,0.36912699223441087
240,240,0.13892319654298582
241,241,0.024112053918548253
242,242,0.10215642189432587
243,243,0.43447999272257615
244,244,0.014137520795824423
245,245,0.10423233552575295
246,246,0.020475454406639688
247,247,0.0028528257952592745
248,248,0.02382104598311716
249,249,0.01113433246723695
250,250,0.0012218877830151573
251,251,0.029526929493471094
252,252,0.0982510846594304
253,253,0.4133412271546471
254,254,0.35319513063117436
255,255,0.6668627920968544
256,256,0.0806339713967382
257,257,0.13570091675790008
258,258,0.14140020429840477
259,259,0.7098962071453895
260,260,0.08463369813534541
261,261,0.27092272397507405
262,262,0.12697114438712603
263,263,0.48983885705629376
264,264,0.5635156317852359
265,265,0.3857340165223419
266,266,0.6408889952445623
267,267,0.2482366456421568
268,268,0.13954160025920642
269,269,0.08006662455045165
270,270,0.003898489273304512
271,271,0.005142983698571785
272,272,0.2626633669846908
273,273,0.5299960732500207
274,274,0.026920878046414718
275,275,0.3721413824379439
276,276,0.018553099308276495
277,277,0.05181615950907976
278,278,0.09304041290456397
279,279,0.013563548235598293
280,280,0.5341393364209905
281,281,0.06533030117324103
282,282,0.6059093416434713
283,283,0.0021210174093597724
284,284,0.11364112041290732
285,285,0.005106094247581069
286,286,0.0063652512412462935
287,287,0.004866871465752609
288,288,0.09148256985049286
289,289,0.7183492744516136
290,290,0.2913317215711705
291,291,0.6175362070866935
292,292,0.030202279170586828
293,293,0.5202294240241202
294,294,0.41164161982347425
295,295,0.034179345360855484
296,296,0.07936181822024543
297,297,0.5113648273739019
298,298,0.0017205751200783067
299,299,0.2727063988542475
300,300,0.04420054338946612
301,301,0.07072842426830098
302,302,0.06893173359194552
303,303,0.7965471835264074
304,304,0.009485979945309734
305,305,0.1186674059695908
306,306,0.3566930043122136
307,307,0.5989865281109737
308,308,0.685450051210374
309,309,0.8820051038697937
310,310,0.026480819841551075
311,311,0.007527692401432208
312,312,0.09610278669829134
313,313,0.0362610977849061
314,314,0.3211420678318298
315,315,0.8450948889061224
316,316,0.03389407899264759
317,317,0.2902552404935479
318,318,0.7913080191671203
319,319,0.5015693256017867
320,320,0.3808029323926373
321,321,0.6729509728661315
322,322,0.4286693265971839
323,323,0.09511821348378308
324,324,0.017732582942806836
325,325,0.829279852262263
326,326,0.014410466098886037
327,327,0.17827821261283752
328,328,0.0024042501841132096
329,329,0.3422603492831459
330,330,0.09244407027474456
331,331,0.3030953081886336
332,332,0.23423461716437455
333,333,0.1689077546262765
334,334,0.6879256222698831
335,335,0.09399363910207502
336,336,0.010805933563485257
337,337,0.16712700339632497
338,338,0.017696829107661686
339,339,0.013238321849646484
340,340,0.49851007355700444
341,341,0.2735533833916955
342,342,0.06779272862578034
343,343,0.22693064983634145
344,344,0.005833599544711995
345,345,0.030897725610382
346,346,0.3454010774113918
347,347,0.6063468105613277
348,348,0.0047400096378769786
349,349,0.36127091200684697
350,350,0.0716926537708725
351,351,0.029436973584040415
352,352,0.3116321856437422
353,353,0.05875816832555686
354,354,0.2414790964674351
355,355,0.007824803320664556
356,356,0.8207669858551573
357,357,0.5708312419040485
358,358,0.7275449459205116
359,359,0.5562012595406135
360,360,0.21638453242587632
361,361,0.00853647730813417
362,362,0.2995868174255481
363,363,0.05661592232645034
364,364,0.2191203220991243
365,365,0.005709009464374996
366,366,0.036856159472013754
367,367,0.17434143130722066
368,368,0.13083705169444443
369,369,0.09348146067463377
370,370,0.05595961400143408
371,371,0.25434609161821015
372,372,0.014689416359612595
373,373,0.8779197163858738
374,374,0.007308724620591436
375,375,0.1472822536575313
376,376,0.17690013318832878
377,377,0.09064018773030377
378,378,0.6787361563276373
379,379,0.5770072181019456
380,380,0.22437137588284983
381,381,0.033385552668108505
382,382,0.022170972674643567
383,383,0.39030029621736045
384,384,0.22053985051281189
385,385,0.49556230106645116
386,386,0.558478077780401
387,387,0.007586470120201984
388,388,0.0023512293472070325
389,389,0.007073024594812218
390,390,0.7520714370785423
391,391,0.011549850791448803
392,392,0.6643979528722807
393,393,0.29883389910448976
394,394,0.0601788960330854
395,395,0.4386230062215651
396,396,0.029625500578645773
397,397,0.013450181606144054
398,398,0.13120511684855496
399,399,0.011033873574467834
400,400,0.4164935057640368
401,401,0.15399132624603948
402,402,0.007352614665430445
403,403,0.18476571003810793
404,404,0.025234274946857288
405,405,0.5584969903250413
406,406,0.6177827069475946
407,407,0.3122506315579088
408,408,0.28615253076725516
409,409,0.005102500843978035
410,410,0.02846581557992345
411,411,0.0816327394430555
412,412,0.5743973651792162
413,413,0.5248771168679289
414,414,0.3358612018416571
415,415,0.16345588079587592
416,416,0.00452936425584225
417,417,0.3735920838951039
418,418,0.05709270086271843
419,419,0.07035990811406259
420,420,0.3690798574019333
421,421,0.12721926324817082
422,422,0.4715432827186308
423,423,0.06867613341863374
424,424,0.09011090729287473
425,425,0.5942644635110357
426,426,0.15186920629406553
427,427,0.052600388202159024
428,428,0.9125730550736671
429,429,0.3277910750539873
430,430,0.042664858275672554
431,431,0.09552261754671044
432,432,0.6707820771171541
433,433,0.6930301102931078
434,434,0.6227906871230763
435,435,0.7246280160908428
436,436,0.003993855523766464
437,437,0.033245989138456895
438,438,0.24039219854016464
439,439,0.2768009619126456
440,440,0.15914972593261026
441,441,0.19421964351584195
442,442,0.20884836810900662
443,443,0.015852011634234952
444,444,0.24978965371590192
445,445,0.004842471835678311
446,446,0.022727079798824015
447,447,0.04145664866971025
448,448,0.5231265974425262
449,449,0.030882870135876934
450,450,0.5705490381648073
451,451,0.41052852330256867
452,452,0.005407559072894367
453,453,0.5438159611868189
454,454,0.040123602740002005
455,455,0.1850182060926123
456,456,0.19587410371534375
457,457,0.0034826087800815036
458,458,0.01602877512389914
459,459,0.0783285578207216
460,460,0.17179877846535188
461,461,0.0049598100677526865
462,462,0.019261712142061085
463,463,0.009339727040126958
464,464,0.5550806608204234
465,465,0.2543542659062075
466,466,0.019975023828746944
467,467,0.7015455615972028
468,468,0.2964231964873349
469,469,0.029261109560918482
470,470,0.43884463093673437
471,471,0.37726253069687615
472,472,0.23675568721170678
473,473,0.19442439043381338
474,474,0.4378256179910906
475,475,0.0679395250160163
476,476,0.8307269695970947
477,477,0.01795747294160045
478,478,0.05519650660186529
479,479,0.21235429900250852
480,480,0.18222247764506055
481,481,0.025726327498114085
482,482,0.2067678406653136
483,483,0.5713052878512263
484,484,0.04465546831739095
485,485,0.27212004554510383
486,486,0.5682832469732683
487,487,0.12845625803592314
488,488,0.006395923618639915
489,489,0.06576484498314389
490,490,0.8746896882014331
491,491,0.6978972125135161
492,492,0.17859944822606538
493,493,0.04575596818513491
494,494,0.046704690886073555
495,495,0.017539555906229052
496,496,0.04646960246786645
497,497,0.06357202924817419
498,498,0.7255701789269295
499,499,0.043798154176070525
500,500,0.8244508418590037
501,501,0.015070755554689674
502,502,0.182620785188293
503,503,0.33789066360841
504,504,0.23170684075977543
505,505,0.01374362036906813
506,506,0.11674610409925995
507,507,0.18619715391637973
508,508,0.6844395189005663
509,509,0.06426927826208165
510,510,0.8580797626132013
511,511,0.21036114371809947
512,512,0.6447446431821224
513,513,0.3213343762729819
514,514,0.14230759550335187
515,515,0.05133025930337309
516,516,0.2882767322643257
517,517,0.9428303063579678
518,518,0.3654318768237492
519,519,0.006129066556809963
520,520,0.47423734299610787
521,521,0.029310654437634365
522,522,0.005324524065191306
523,523,0.14469460660320443
524,524,0.9392626932341789
525,525,0.10648046308091746
526,526,0.2898653741358507
527,527,0.09865698703658712
528,528,0.5649577307015866
529,529,0.057334166079376546
530,530,0.040520629006420866
531,531,0.0635684129954433
532,532,0.2173568044441018
533,533,0.36371237485416846
534,534,0.8494766703016591
535,535,0.7057856112504179
536,536,0.4156735589930123
537,537,0.059586879977178375
538,538,0.37195100999299724
539,539,0.11851379617139209
540,540,0.5939191981911298
541,541,0.7259540051177027
542,542,0.10067046824671452
543,543,0.09349146337858952
544,544,0.08506409235095996
545,545,0.27595525446515123
546,546,0.42859053832688343
547,547,0.015907995455454276
548,548,0.24028265374553823
549,549,0.0474941011932228
550,550,0.0324045310536377
551,551,0.02933363374438982
552,552,0.008459088674123505
553,553,0.2606837318602606
554,554,0.13213534364269436
555,555,0.06619709089746653
556,556,0.8512380113469671
557,557,0.6233383663435464
558,558,0.09495869293408989
559,559,0.24064908379954847
560,560,0.2854891519242834
561,561,0.004489100667161036
562,562,0.02042211709951786
563,563,0.004828261332068786
564,564,0.2244591345060032
565,565,0.45255828704763046
566,566,0.6682021710865308
567,567,0.08467853413102952
568,568,0.5336547737010154
569,569,0.08883526081827262
570,570,0.0028531218950433672
571,571,0.6769089724047385
572,572,0.6863449177871833
573,573,0.17882665125246744
574,574,0.018007320490226936
575,575,0.2166266569501888
576,576,0.13088285366745397
577,577,0.5437628699575532
578,578,0.46319780073778616
579,579,0.8830958622197298
580,580,0.0256091119876395
581,581,0.5609995621472854
582,582,0.0023718415731013077
583,583,0.020129377723073796
584,584,0.17601443977125267
585,585,0.01237656350619019
586,586,0.12080430387685755
587,587,0.03165271013123648
588,588,0.8748449505835731
589,589,0.28884557162660734
590,590,0.9696818442440642
591,591,0.040922578542236604
592,592,0.616967835493887
593,593,0.04698208482925774
594,594,0.3438362284837649
595,595,0.5124269636985586
596,596,0.003572136732026438
597,597,0.37995388703401767
598,598,0.5494203528735117
599,599,0.03653529875456042
600,600,0.002816558065050106
601,601,0.15760600925820284
602,602,0.0820447411860547
603,603,0.543711183416947
604,604,0.03111680635980682
605,605,0.2557087218267234
606,606,0.10987714714132833
607,607,0.6633174582058854
608,608,0.06450350986789401
609,609,0.10270166610851533
610,610,0.49418328777676834
611,611,0.17887931755434958
612,612,0.3503099822534614
613,613,0.13580570489861243
614,614,0.0398932586919495
615,615,0.004662643374656979
616,616,0.4617531119587828
617,617,0.19820473687889145
618,618,0.007301418852117029
619,619,0.16772821786652517
620,620,0.035862053445224126
621,621,0.2662942432093924
622,622,0.7317451501117729
623,623,0.9120658904222115
624,624,0.017338510555658323
625,625,0.16580140054515416
626,626,0.01047773449255229
627,627,0.010245427276739522
628,628,0.6937962939576701
629,629,0.17848683238148702
630,630,0.5308605926781177
631,631,0.038271316459398345
632,632,0.5800073236290271
633,633,0.01735017097389764
634,634,0.5243330566139265
635,635,0.012832439551718311
636,636,0.02427427236419704
637,637,0.40848463464093987
638,638,0.08317233151323399
639,639,0.6107231690799946
640,640,0.8925012992189559
641,641,0.12572315078527063
642,642,0.11842612555884803
643,643,0.13039222145292234
644,644,0.4851788986943056
645,645,0.029195632454693234
646,646,0.10023686985396829
647,647,0.08033169836829407
648,648,0.004936758595203098
649,649,0.03214793577013771
650,650,0.018839998463529586
651,651,0.772103470885279
652,652,0.022251063424445945
653,653,0.2366568896051958
654,654,0.2270665846702796
655,655,0.5301909783476352
656,656,0.10603238777123267
657,657,0.19635408157651427
658,658,0.021836862235743694
659,659,0.3066273306322411
660,660,0.03037934499157891
661,661,0.014149796713750567
662,662,0.4066882657790775
663,663,0.22586972702181507
664,664,0.033751328444720875
665,665,0.6643860984346764
666,666,0.9533794516501771
667,667,0.22160494439395617
668,668,0.018671808048140722
669,669,0.011555345625948519
670,670,0.00857307106482652
671,671,0.5268674237191913
672,672,0.5783679375198161
673,673,0.31865165578276416
674,674,0.7350931907232306
675,675,0.08010898759540788
676,676,0.010101196675647022
677,677,0.23588701925507063
678,678,0.20778788892111977
679,679,0.6844653899975601
680,680,0.48983885705629376
681,681,0.16910891910967388
682,682,0.003673867817472451
683,683,0.36888959498965307
684,684,0.042185532298357524
685,685,0.28744900294589687
686,686,0.013251768374579873
687,687,0.00943670465741262
688,688,0.3076763157075152
689,689,0.18917192698216784
690,690,0.6858101512890493
691,691,0.935359732674253
692,692,0.31219417690739376
693,693,0.24880889033082995
694,694,0.01893094134987649
695,695,0.598199696223681
696,696,0.2474482029055532
697,697,0.0029805696025770596
698,698,0.043857260343073336
699,699,0.34019467369450157
700,700,0.0464566960144178
701,701,0.10817569790590806
702,702,0.138309165986984
703,703,0.09801096151971468
704,704,0.9344055200384613
705,705,0.014620505753581823
706,706,0.024783312514386792
707,707,0.7874900200497799
708,708,0.015981715266678815
709,709,0.08687351149291204
710,710,0.037139799652115335
711,711,0.21172731094567201
712,712,0.22719373251368596
713,713,0.2860634265026568
714,714,0.17182958826149952
715,715,0.15680770032943
716,716,0.8683154554238771
717,717,0.02737266441770237
718,718,0.41959169231545246
719,719,0.8731950119071021
720,720,0.10784931490385831
721,721,0.2288182324096876
722,722,0.15934529263545275
723,723,0.4638822973491489
724,724,0.10725301726631545
725,725,0.7277576040612728
726,726,0.0083626884967874
727,727,0.39794062021077975
728,728,0.18189407407852945
729,729,0.009576128001948316
730,730,0.00507186129644771
731,731,0.7383522094673466
732,732,0.004238927216822348
733,733,0.025976202997233185
734,734,0.0318125878785712
735,735,0.5453414509554892
736,736,0.019254846632727935
737,737,0.1576630835425728
738,738,0.43755559318996107
739,739,0.39106296426961834
740,740,0.21940352296904525
741,741,0.3199781079809917
742,742,0.28175968346052394
743,743,0.39977516129620266
744,744,0.13528329494476873
745,745,0.20741108194914432
746,746,0.06864725343260501
747,747,0.3498007249076711
748,748,0.004068082929532098
749,749,0.49938593940062986
750,750,0.4436434090573314
751,751,0.03728787642606987
752,752,0.11546665051409336
753,753,0.08441153087755529
754,754,0.5656065710386586
755,755,0.09540850122504005
756,756,0.09664990609679919
757,757,0.42454341271013674
758,758,0.04401472084867403
759,759,0.7552486612977483
760,760,0.4728522692555564
761,761,0.691923205968703
762,762,0.8559023849334867
763,763,0.132542032138238
764,764,0.10668377100646753
765,765,0.10299198762460292
766,766,0.51873123927731
767,767,0.02481038972620984
768,768,0.15672580153154672
769,769,0.4636247138907118
770,770,0.5835480226349015
771,771,0.006185464755888294
772,772,0.7958126011789319
773,773,0.1505699877728665
774,774,0.579628734538908
775,775,0.09043893270100199
776,776,0.05400564025027303
777,777,0.5809138258398816
778,778,0.07198211739808057
779,779,0.6584221185061468
780,780,0.09448375620760123
781,781,0.47441161082520117
782,782,0.6377336419543579
783,783,0.7140320958927172
784,784,0.009353612949514527
785,785,0.5509615178947803
786,786,0.12042457329668756
787,787,0.13180539751966575
788,788,0.5265213199576629
789,789,0.025809216823182785
790,790,0.4679028866566337
791,791,0.6287562796735515
792,792,0.037860408474675686
793,793,0.5212691867815006
794,794,0.5739435534594073
795,795,0.5174622611250044
796,796,0.26282019905665555
797,797,0.012236755958604571
798,798,0.08169222238435464
799,799,0.033470511368393185
800,800,0.2708137799543325
801,801,0.30151376878367203
802,802,0.0191222228326531
803,803,0.7762370664011683
804,804,0.0031471015148412307
805,805,0.10435077707808715
806,806,0.0022547452454349352
807,807,0.5679169910920632
808,808,0.1088125157637001
809,809,0.18301588984047493
810,810,0.12220281440001357
811,811,0.18623349870977268
812,812,0.2732896904315239
813,813,0.09779429355182485
814,814,0.05460003901844284
815,815,0.6936190656274798
816,816,0.1439895043307914
817,817,0.2212270036528273
818,818,0.013297821172276137
819,819,0.03355230011741331
820,820,0.04972081067248356
821,821,0.845777384400504
822,822,0.005758032062424164
823,823,0.03392785585366524
824,824,0.07659520659577891
825,825,0.011424105845271598
826,826,0.005351516205224433
827,827,0.46917326899081474
828,828,0.7047617816570398
829,829,0.7001967482652434
830,830,0.9146822249642628
831,831,0.8925012992189559
832,832,0.2692069677620622
833,833,0.3508340321100006
834,834,0.1871143713727149
835,835,0.35128040197031046
836,836,0.03810480110913374
837,837,0.791576663240985
838,838,0.35861050259894234
839,839,0.2814758340538492
840,840,0.38270981325538206
841,841,0.3383046028896405
842,842,0.06711207212584261
843,843,0.4395130649650553
844,844,0.012300207323959233
845,845,0.33660045246499026
846,846,0.532258358374577
847,847,0.887790536446511
848,848,0.028712515862616174
849,849,0.1937267414847274
850,850,0.34884333442692794
851,851,0.08392937285388359
852,852,0.015447306404459063
853,853,0.17849920935742927
854,854,0.24386062272844283
855,855,0.07346581859836827
856,856,0.49496864289448517
857,857,0.16546647396492056
858,858,0.7158640326422235
859,859,0.007801535991024435
860,860,0.4086769504304453
861,861,0.079685493541144
862,862,0.05608626925523444
863,863,0.5640297999771702
864,864,0.19043864391870438
865,865,0.011120063190099342
866,866,0.04069731547005691
867,867,0.3646800053379693
868,868,0.22016374327752516
869,869,0.2866136164624603
870,870,0.6785119292427606
871,871,0.06040601357509319
872,872,0.07781511946537696
873,873,0.4381159348249495
874,874,0.6298686079771073
875,875,0.5788696020176828
876,876,0.1945632895784277
877,877,0.06852863404283169
878,878,0.020161873301740574
879,879,0.07464603291081978
880,880,0.12359329081882063
881,881,0.06403307574909656
882,882,0.0049132499140638955
883,883,0.7997857380531175
884,884,0.022592245707717524
885,885,0.2533183544596429
886,886,0.21525197055703899
887,887,0.013670000484373156
888,888,0.03335445733972844
889,889,0.3442639495183118
890,890,0.2947922740638563
891,891,0.07503540878765115
892,892,0.005928792541417456
893,893,0.7951395060855625
894,894,0.025567239249599662
895,895,0.0064476040859363
896,896,0.01907901061919962
897,897,0.35682585539013567
898,898,0.06522599675457368
899,899,0.8230360003424123
900,900,0.013513101224647852
901,901,0.18350531266309064
902,902,0.14460326901781445
903,903,0.04593067561964355
904,904,0.13246621982760634
905,905,0.005047954037801764
906,906,0.47839255724124596
907,907,0.0025542424857405177
908,908,0.03486954843330197
909,909,0.8970361652838399
910,910,0.018215505858564195
911,911,0.014869287251627578
912,912,0.006901373207333073
913,913,0.4974100767165303
914,914,0.17102452884666822
915,915,0.02566040828513793
916,916,0.7068020752277703
917,917,0.3624590695195534
918,918,0.3402754332153682
919,919,0.8142599322401085
920,920,0.16433846056948026
921,921,0.9122732812097751
922,922,0.1201596506394668
923,923,0.07274596810528389
924,924,0.5954425592604168
925,925,0.08656450386067802
926,926,0.10172897730525664
927,927,0.2776067790257187
928,928,0.07443102668841647
929,929,0.15745003546182276
930,930,0.8369718607203156
931,931,0.4240540535725488
932,932,0.7844793785864558
933,933,0.014384133767090017
934,934,0.07726674233943563
935,935,0.12168489471260578
936,936,0.0032572994943583984
937,937,0.24411610371765452
938,938,0.09397473499065379
939,939,0.025690836223426505
940,940,0.001262964425336871
941,941,0.7629183496784762
942,942,0.5071233190624302
943,943,0.003893476863872813
944,944,0.11408138915474078
945,945,0.6871914388883869
946,946,0.1932527794941327
947,947,0.0344639920975635
948,948,0.06093003292496447
949,949,0.32270285819408356
950,950,0.8087488974812121
951,951,0.01453463055978499
952,952,0.37075455069737245
953,953,0.38758491087890873
954,954,0.15522472143909627
955,955,0.13414003604377386
956,956,0.1564340879672738
957,957,0.41672915054601545
958,958,0.04175923863580505
959,959,0.09090944107442914
960,960,0.37275264229763627
961,961,0.34756318671701814
962,962,0.09263534952149302
963,963,0.01854685700691977
964,964,0.5892495607808779
965,965,0.7568838548177067
966,966,0.1230165648364332
967,967,0.02257246093387068
968,968,0.11054754570454585
969,969,0.026151482831605045
970,970,0.021975413509311092
971,971,0.03666552609863512
972,972,0.3540933599081676
973,973,0.07203524277713941
974,974,0.0056562573574228964
975,975,0.4463049303398816
976,976,0.08901466214690727
977,977,0.073704918834809
978,978,0.3428181353219109
979,979,0.077301747840506
980,980,0.7464385664827057
981,981,0.060199687066578605
982,982,0.3566796326745008
983,983,0.0022816715936411712
984,984,0.6080369710752811
985,985,0.024587017460179793
986,986,0.02921828859204333
987,987,0.5814614992497967
988,988,0.3344767395705861
989,989,0.028993967186085982
990,990,0.7133069778049119
991,991,0.6220119677090225
992,992,0.13243046014498436
993,993,0.09949084236330151
994,994,0.6735735905770055
995,995,0.32614908374262347
996,996,0.1929009738015417
997,997,0.0038532826318199817
998,998,0.8937024959531151
999,999,0.004931796943913722
1000,1000,0.0156933415507993
1001,1001,0.18155087405661252
1002,1002,0.29154108559420533
1003,1003,0.11276549703005016
1004,1004,0.4124978314214873
1005,1005,0.0037113945623496437
1006,1006,0.017483492088962025
1007,1007,0.1365660832906268
1008,1008,0.05666990898824933
1009,1009,0.2411686479363101
1010,1010,0.628631171760826
1011,1011,0.2949702292077325
1012,1012,0.11955674527082434
1013,1013,0.16233055749323513
1014,1014,0.1699807671435496
1015,1015,0.005937822967064145
1016,1016,0.0032811574184683683
1017,1017,0.10046366086487298
1018,1018,0.6065433718458335
1019,1019,0.8576592652655157
1020,1020,0.7247756582039813
1021,1021,0.011088450159040277
1022,1022,0.11305421025053819
1023,1023,0.016034717470078227
1024,1024,0.09431504414472422
1025,1025,0.8980188521483025
1026,1026,0.3932250091190215
1027,1027,0.0493041039182166
1028,1028,0.03347774745617008
1029,1029,0.75877236251928
1030,1030,0.22380455200830474
1031,1031,0.004492946534106677
1032,1032,0.05999119958924225
1033,1033,0.06148360225724579
1034,1034,0.07548200432295495
1035,1035,0.6411797190944497
1036,1036,0.5952164241088298
1037,1037,0.07702360709846927
1038,1038,0.30274676472058704
1039,1039,0.005908596996851183
1040,1040,0.47314104882728814
1041,1041,0.13317611029242227
1042,1042,0.4976048040388482
1043,1043,0.0050333762931175025
1044,1044,0.04487934297824224
1045,1045,0.004385962427486546
1046,1046,0.003470718532024111
1047,1047,0.18132459699333442
1048,1048,0.851831494882161
1049,1049,0.054640972163622896
1050,1050,0.09712900875438
1051,1051,0.07163873689651275
1052,1052,0.11475046927204338
1053,1053,0.047414927233114953
1054,1054,0.012623360765663906
1055,1055,0.03735729980196176
1056,1056,0.1882433735489021
1057,1057,0.08244133268251262
1058,1058,0.14123541982292184
1059,1059,0.5231295731655653
1060,1060,0.3883717769714196
1061,1061,0.0675530334167141
1062,1062,0.12257150458889311
1063,1063,0.009735253231866794
1064,1064,0.06566956165796815
1065,1065,0.3720494008207275
1066,1066,0.04056145311763939
1067,1067,0.22605627285869187
1068,1068,0.013863047528813328
1069,1069,0.00353410603303801
1070,1070,0.060014301583999875
1071,1071,0.10692514882425685
1072,1072,0.10025872536824146
1073,1073,0.42292154177082397
1074,1074,0.028421603949243902
1075,1075,0.010908423857428273
1076,1076,0.03568421581610727
1077,1077,0.4431336189283164
1078,1078,0.10912486238640313
1079,1079,0.6476123476254867
1080,1080,0.00880093460104548
1081,1081,0.883394911013685
1082,1082,0.48034066388222546
1083,1083,0.03268101563294257
1084,1084,0.6338074895144951
1085,1085,0.31753025928037715
1086,1086,0.4532259248370104
1087,1087,0.03047347137191416
1088,1088,0.6841237868238383
1089,1089,0.845777384400504
1090,1090,0.14780298769204983
1091,1091,0.6199680706742782
1092,1092,0.018169368929275034
1093,1093,0.6665670104993923
1094,1094,0.27520554756900234
1095,1095,0.053996674707794616
1096,1096,0.03518480906119115
1097,1097,0.18337464585234428
1098,1098,0.2223824357348207
1099,1099,0.12678771753329532
1100,1100,0.5542745681536985
1101,1101,0.24686696051034926
1102,1102,0.16920973064952927
1103,1103,0.01919383575487954
1104,1104,0.012364633637263983
1105,1105,0.06651934279152828
1106,1106,0.021893135539825238
1107,1107,0.016562619186938164
1108,1108,0.004896669176640847
1109,1109,0.26566247076349037
1110,1110,0.7117508185278453
1111,1111,0.02831992320154052
1112,1112,0.0028522715596736143
1113,1113,0.09835827430596554
1114,1114,0.06279312317033774
1115,1115,0.4361860156110999
1116,1116,0.20017158274597285
1117,1117,0.12197910781321124
1118,1118,0.010640719288456654
1119,1119,0.17917071444344115
1120,1120,0.08594281508978885
1121,1121,0.1789948231256769
1122,1122,0.38394434087371165
1123,1123,0.409962014919145
1124,1124,0.020995874085382577
1125,1125,0.016483539751354685
1126,1126,0.2738240141679682
1127,1127,0.4927100657050616
1128,1128,0.14765446694658577
1129,1129,0.38421302433550114
1130,1130,0.23957832736442136
1131,1131,0.008493082875868368
1132,1132,0.06063812445985961
1133,1133,0.11643743418890841
1134,1134,0.799705190204802
1135,1135,0.660143451246674
1136,1136,0.00413864735249912
1137,1137,0.020809872254792916
1138,1138,0.584734364787005
1139,1139,0.010257376264719786
1140,1140,0.6500469562255365
1141,1141,0.6482083242658025
1142,1142,0.06648487679858793
1143,1143,0.14968345362142718
1144,1144,0.49546584268642513
1145,1145,0.2753995651952286
1146,1146,0.10836339553339332
1147,1147,0.11245734498355517
1148,1148,0.011011814600830465
1149,1149,0.02745515798470648
1150,1150,0.42220628159830587
1151,1151,0.30126444043550155
1152,1152,0.534786804775894
1153,1153,0.0035509342322401303
1154,1154,0.16433387468681307
1155,1155,0.04975612186642652
1156,1156,0.0018659443566917005
1157,1157,0.18139256971769824
1158,1158,0.5010087764901362
1159,1159,0.910957050290354
1160,1160,0.003841510528615153
1161,1161,0.24432044383767565
1162,1162,0.2217010001587567
1163,1163,0.30027069101604636
1164,1164,0.009971702571669013
1165,1165,0.6071706764461771
1166,1166,0.15872048081790963
1167,1167,0.007977484626561532
1168,1168,0.190781386964956
1169,1169,0.0022465337249243356
1170,1170,0.05748623319732122
1171,1171,0.022668013303410933
1172,1172,0.2232479415724033
1173,1173,0.09461827991260223
1174,1174,0.11320017020085633
1175,1175,0.57888235033038
1176,1176,0.10312253650249402
1177,1177,0.02789756342939637
1178,1178,0.4870797114818804
1179,1179,0.04409251537166573
1180,1180,0.0240661855524028
1181,1181,0.008324536194915438
1182,1182,0.2043654414478242
1183,1183,0.09454607495748706
1184,1184,0.054631273033936875
1185,1185,0.0961938794577635
1186,1186,0.6246317729086134
1187,1187,0.5856669611116889
1188,1188,0.001957696786407102
1189,1189,0.12049184283776766
1190,1190,0.2359626009787401
1191,1191,0.03143866855650072
1192,1192,0.17139298998906688
1193,1193,0.38640015603648376
1194,1194,0.5454060351728074
1195,1195,0.0735188036018119
1196,1196,0.1367830885051728
1197,1197,0.10597676530922219
1198,1198,0.03570178571008298
1199,1199,0.3388854210890289
1200,1200,0.04823355011938802
1201,1201,0.02569268777189737
1202,1202,0.023468873630209337
1203,1203,0.6033376406975111
1204,1204,0.294144223633044
1205,1205,0.27914698978880476
1206,1206,0.5609566231463362
1207,1207,0.042436878358916505
1208,1208,0.33374336287456596
1209,1209,0.09705377456658652
1210,1210,0.3803213263336172
1211,1211,0.0252815815515542
1212,1212,0.05120819652653895
1213,1213,0.8940824932270723
1214,1214,0.11339102208936694
1215,1215,0.39433042804605684
1216,1216,0.2025260829598154
1217,1217,0.6689486767252842
1218,1218,0.18807386377322555
1219,1219,0.06140492703159064
1220,1220,0.006402133884760323
1221,1221,0.29810490075295554
1222,1222,0.8695250086935116
1223,1223,0.4390753165083148
1224,1224,0.04181879137281159
1225,1225,0.3841793241391942
1226,1226,0.8142599322401085
1227,1227,0.6731009934301181
1228,1228,0.41878369225157025
1229,1229,0.8921970646208713
1230,1230,0.0051893128586327645
1231,1231,0.689151005653165
1232,1232,0.6207643062344442
1233,1233,0.3923365663975452
1234,1234,0.2247247427571894
1235,1235,0.004471394102778191
1236,1236,0.9534926438494954
1237,1237,0.6965100908982389
1238,1238,0.6286195682221989
1239,1239,0.02167817674792099
1240,1240,0.13387203397512012
1241,1241,0.046868921950884795
1242,1242,0.008000415371398865
1243,1243,0.7833142330675443
1244,1244,0.006941073572590752
1245,1245,0.07883031356864674
1246,1246,0.49821998162289616
1247,1247,0.08100198699081032
1248,1248,0.06918002220623573
1249,1249,0.08679784297319582
1250,1250,0.05260229318899205
1251,1251,0.2753187753753732
1252,1252,0.002904177274255099
1253,1253,0.9208725288339937
1254,1254,0.07904181175475407
1255,1255,0.0032424036474087243
1256,1256,0.6665334509794406
1257,1257,0.6880336522702338
1258,1258,0.003734432033960117
1259,1259,0.3985388596165837
1260,1260,0.8610396932398748
1261,1261,0.02380027854428084
1262,1262,0.11524053440359523
1263,1263,0.26281698708184886
1264,1264,0.15266270660377118
1265,1265,0.14969589433296174
1266,1266,0.37351529792086446
1267,1267,0.25485762835478454
1268,1268,0.6768966811123063
1269,1269,0.37037783824271914
1270,1270,0.024553797580441645
1271,1271,0.007396945962846841
1272,1272,0.10424738703519883
1273,1273,0.012656370709513684
1274,1274,0.003185440547186566
1275,1275,0.15144235789430277
1276,1276,0.009661570314512173
1277,1277,0.0012088360847651329
1278,1278,0.036226240925234916
1279,1279,0.2913292873139049
1280,1280,0.04110620196839064
1281,1281,0.6557860250603302
1282,1282,0.92859923962059
1283,1283,0.2708216461501354
1284,1284,0.6222312895850505
1285,1285,0.11908565092152984
1286,1286,0.06188758272996061
1287,1287,0.5642836781052738
1288,1288,0.5448211883587978
1289,1289,0.04138961261680883
1290,1290,0.142498441880936
1291,1291,0.6316396353715982
1292,1292,0.07484172937883464
1293,1293,0.018286373296920705
1294,1294,0.15092855610220554
1295,1295,0.515136966825288
1296,1296,0.02710918455988732
1297,1297,0.2134806454751216
1298,1298,0.305926193952478
1299,1299,0.49858932647588666
1300,1300,0.709752934773924
1301,1301,0.8630077316333687
1302,1302,0.09925163905375062
1303,1303,0.6949221894961825
1304,1304,0.13410499204965176
1305,1305,0.036077814711835146
1306,1306,0.14670866477702202
1307,1307,0.0650156809459804
1308,1308,0.2487661720464076
1309,1309,0.8842515757347179
1310,1310,0.12775823477498405
1311,1311,0.5004536902748994
1312,1312,0.41204359504943244
1313,1313,0.018671729067402918
1314,1314,0.006811565302885913
1315,1315,0.18904112250928992
1316,1316,0.004615195741165004
1317,1317,0.41415445431463566
1318,1318,0.0108129487893457
1319,1319,0.008260094489109988
1320,1320,0.1286845123260688
1321,1321,0.020972079094957522
1322,1322,0.567047742277229
1323,1323,0.2820347194946092
1324,1324,0.10364246852463496
1325,1325,0.4347950535567126
1326,1326,0.6621554299672452
1327,1327,0.07860314987416513
1328,1328,0.720775837100267
1329,1329,0.3005044249990788
1330,1330,0.7727245236818991
1331,1331,0.2596724244694984
1332,1332,0.11684058430577299
1333,1333,0.1535348555282259
1334,1334,0.00768122467951507
1335,1335,0.6770508403918805
1336,1336,0.039879650873114
1337,1337,0.6890876087267438
1338,1338,0.007712710805021107
1339,1339,0.7635826588646095
1340,1340,0.011871110444648605
1341,1341,0.20288880347206062
1342,1342,0.01585139427642816
1343,1343,0.1061162637268114
1344,1344,0.021162866976955772
1345,1345,0.08269159026949083
1346,1346,0.06779471269674425
1347,1347,0.006210526682262913
1348,1348,0.8469977978819462
1349,1349,0.003991701816319111
1350,1350,0.010862213793806598
1351,1351,0.01446374653978262
1352,1352,0.03014694810348569
1353,1353,0.35397957874356933
1354,1354,0.1848041309677599
1355,1355,0.6864368075013894
1356,1356,0.05511707796555901
1357,1357,0.4495501747237696
1358,1358,0.00797737858162372
1359,1359,0.16161548769121428
1360,1360,0.19779369638498284
1361,1361,0.11551122994211746
1362,1362,0.559316261721251
1363,1363,0.005835258402150638
1364,1364,0.1896822465193744
1365,1365,0.4217705797738699
1366,1366,0.09788687566408738
1367,1367,0.028218763347107628
1368,1368,0.10595725279173959
1369,1369,0.09638505682807649
1370,1370,0.04000432970109661
1371,1371,0.7564247716429215
1372,1372,0.011380574729132736
1373,1373,0.1921113931506818
1374,1374,0.0201669173153732
1375,1375,0.2129051746059311
1376,1376,0.06733103922736935
1377,1377,0.4038031851709516
1378,1378,0.2968885800589123
1379,1379,0.13320159780564456
1380,1380,0.7689319551256613
1381,1381,0.5071587481932661
1382,1382,0.31364971350740206
1383,1383,0.004378264051375466
1384,1384,0.3527595794702089
1385,1385,0.7514254788073803
1386,1386,0.6486628488748678
1387,1387,0.08499169012226554
1388,1388,0.5877786962082849
1389,1389,0.598319229376234
1390,1390,0.5897179116210212
1391,1391,0.023307834838191294
1392,1392,0.763523029967431
1393,1393,0.10938060752652187
1394,1394,0.0052186099202092716
1395,1395,0.43206028296127397
1396,1396,0.0908673718183428
1397,1397,0.007157917999510694
1398,1398,0.27422782848935
1399,1399,0.15084970048870056
1400,1400,0.2969793793336131
1401,1401,0.027464726288215655
1402,1402,0.5697947595155584
1403,1403,0.009000642183593676
1404,1404,0.06920735653275074
1405,1405,0.11686603407183102
1406,1406,0.44372792657952403
1407,1407,0.6084433084083232
1408,1408,0.08493293239787371
1409,1409,0.0020618613941231633
1410,1410,0.02849598662153447
1411,1411,0.0054419821961957495
1412,1412,0.47979710313113544
1413,1413,0.722214153593352
1414,1414,0.013040632934682132
1415,1415,0.05120946650362631
1416,1416,0.202604449558016
1417,1417,0.005920183018924962
1418,1418,0.056220368983179905
1419,1419,0.41917676541343424
1420,1420,0.04566192012745243
1421,1421,0.004189071411619699
1422,1422,0.013563248692994656
1423,1423,0.009216083062163587
1424,1424,0.10018498015692875
1425,1425,0.028864730268549278
1426,1426,0.02318464546087443
1427,1427,0.09566292603376741
1428,1428,0.7670398662517989
1429,1429,0.35719574102310847
1430,1430,0.13960253256002955
1431,1431,0.22258913258358873
1432,1432,0.2555105903989729
1433,1433,0.012934246977925275
1434,1434,0.7401235699984131
1435,1435,0.1901573930717929
1436,1436,0.2434027010664997
1437,1437,0.09748554865860042
1438,1438,0.40219682931003814
1439,1439,0.38007671866098597
1440,1440,0.3383046028896405
1441,1441,0.43982554981100364
1442,1442,0.058262479890259754
1443,1443,0.6300278559291379
1444,1444,0.1243522460251741
1445,1445,0.12061243529410205
1446,1446,0.1752295510396331
1447,1447,0.1443493662321605
1448,1448,0.06806126618462911
1449,1449,0.9189930594141305
1450,1450,0.04284148136533093
1451,1451,0.7225014201592558
1452,1452,0.481931527245032
1453,1453,0.007907840417832495
1454,1454,0.1560304071638237
1455,1455,0.055638577199646086
1456,1456,0.25181993500975064
1457,1457,0.12544739660512602
1458,1458,0.2668277762384948
1459,1459,0.8905838210771313
1460,1460,0.7953845461882704
1461,1461,0.005970428931845249
1462,1462,0.004882765047437266
1463,1463,0.30300595053952145
1464,1464,0.4195338100992371
1465,1465,0.5528927652948304
1466,1466,0.03719509164930587
1467,1467,0.008566717090927633
1468,1468,0.0236703460373424
1469,1469,0.42757595755639044
1470,1470,0.21531227731650832
1471,1471,0.042041125199694634
1472,1472,0.45183582931111516
1473,1473,0.384196884596417
1474,1474,0.3764704447110543
1475,1475,0.8358231093701609
1476,1476,0.01902964513649568
1477,1477,0.01424557540490369
1478,1478,0.45306900467060857
1479,1479,0.3650639165340342
1480,1480,0.008662260164635095
1481,1481,0.6960404008567582
1482,1482,0.005353225583239127
1483,1483,0.08155028790324577
1484,1484,0.11473791396516096
1485,1485,0.2692069677620622
1486,1486,0.04370950771822564
1487,1487,0.07478969959056762
1488,1488,0.24212991773629203
1489,1489,0.1511925993779762
1490,1490,0.6735735905770055
1491,1491,0.010892198603129524
1492,1492,0.0025381724127088927
1493,1493,0.1960574177475316
1494,1494,0.7440819121764335
1495,1495,0.31045901574760437
1496,1496,0.2836062399563075
1497,1497,0.18162578562150933
1498,1498,0.18683557011079646
1499,1499,0.12236937638916426
1500,1500,0.02039832223964393
1501,1501,0.018276361236297892
1502,1502,0.003643529255454187
1503,1503,0.12297688318628484
1504,1504,0.9740105622458347
1505,1505,0.4302711393265392
1506,1506,0.6896463482047904
1507,1507,0.25674864088158056
1508,1508,0.6976148466827974
1509,1509,0.5396529674670357
1510,1510,0.07317241035213291
1511,1511,0.018293541530985696
1512,1512,0.21596924049054916
1513,1513,0.21778036034287263
1514,1514,0.012397530788333163
1515,1515,0.46748310544431954
1516,1516,0.04894745959063338
1517,1517,0.6598101349522167
1518,1518,0.3573341305092693
1519,1519,0.09181886831794572
1520,1520,0.032796453377030535
1521,1521,0.10379898576307203
1522,1522,0.007347693197641409
1523,1523,0.17286841102356737
1524,1524,0.01867495906641858
1525,1525,0.5602265033541218
1526,1526,0.07604047706651816
1527,1527,0.770336798106699
1528,1528,0.07807486998552773
1529,1529,0.5517706494083219
1530,1530,0.15085042391935916
1531,1531,0.13394868465308366
1532,1532,0.0049701799858637725
1533,1533,0.18954075553629565
1534,1534,0.028300743839646692
1535,1535,0.07645671525554217
1536,1536,0.04648146523419921
1537,1537,0.2837866140454652
1538,1538,0.003643529255454187
1539,1539,0.46494941284316726
1540,1540,0.03519849786302209
1541,1541,0.5903404418991556
1542,1542,0.2536840103243651
1543,1543,0.0024832650041724533
1544,1544,0.03646313524077863
1545,1545,0.5585645931283761
1546,1546,0.16391859335865744
1547,1547,0.2691520869457749
1548,1548,0.47089148559826177
1549,1549,0.0670176809642602
1550,1550,0.8963228215872409
1551,1551,0.6793844820861047
1552,1552,0.37954850170401483
1553,1553,0.00786063422774745
1554,1554,0.005317570357009473
1555,1555,0.04781257154649005
1556,1556,0.22952409358243595
1557,1557,0.6498470030562943
1558,1558,0.0380226330791251
1559,1559,0.0217399296266423
1560,1560,0.3880351231673223
1561,1561,0.0037300704823850866
1562,1562,0.017304743700713065
1563,1563,0.48612648504459466
1564,1564,0.07537107307230544
1565,1565,0.19094427695604316
1566,1566,0.028556256272412258
1567,1567,0.04040584666962654
1568,1568,0.8268418171821035
1569,1569,0.014955136772760221
1570,1570,0.3245756096277321
1571,1571,0.09338835003881492
1572,1572,0.28937492072186843
1573,1573,0.014121485529704433
1574,1574,0.503222917710778
1575,1575,0.9119659132133293
1576,1576,0.03416315925483629
1577,1577,0.04122020563395678
1578,1578,0.17979708086373877
1579,1579,0.28515994575004355
1580,1580,0.826319995685293
1581,1581,0.026466606418101255
1582,1582,0.37075455069737245
1583,1583,0.017820529516446342
1584,1584,0.5466129275543959
1585,1585,0.36067954782653516
1586,1586,0.02087900794173758
1587,1587,0.060362028242139744
1588,1588,0.008256157109978318
1589,1589,0.4118905137713349
1590,1590,0.17928889134726103
1591,1591,0.3024666549177579
1592,1592,0.8869187728886674
1593,1593,0.15126318456088345
1594,1594,0.0027523513369530303
1595,1595,0.27336712472932073
1596,1596,0.16002495646581544
1597,1597,0.07705822687894955
1598,1598,0.09940073065595766
1599,1599,0.3579439024819065
1600,1600,0.6128585702236173
1601,1601,0.4735415284863384
1602,1602,0.7251696390619468
1603,1603,0.6332219580251359
1604,1604,0.02032180251750913
1605,1605,0.13141366943147675
1606,1606,0.12159816376077798
1607,1607,0.16805506871797551
1608,1608,0.011710656386281059
1609,1609,0.5877491046585455
1610,1610,0.055671796154118595
1611,1611,0.19724912554557467
1612,1612,0.9232470764907993
1613,1613,0.07026760880216361
1614,1614,0.33694405342529127
1615,1615,0.14582837198018755
1616,1616,0.2566311938162849
1617,1617,0.15963242267507438
1618,1618,0.37899530874954696
1619,1619,0.44897708796506375
1620,1620,0.01840804774507671
1621,1621,0.25969563289157566
1622,1622,0.023879530072876635
1623,1623,0.3224644806165047
1624,1624,0.01712213873282647
1625,1625,0.043174915649147716
1626,1626,0.0069768170191140825
1627,1627,0.06323053357288702
1628,1628,0.5754167627615603
1629,1629,0.23724275702787834
1630,1630,0.049785371906818164
1631,1631,0.03247771016609544
1632,1632,0.24552327227368584
1633,1633,0.12481428437221974
1634,1634,0.05828799132221042
1635,1635,0.004537668947493199
1636,1636,0.004391320432105003
1637,1637,0.9553898016224613
1638,1638,0.6543212409932841
1639,1639,0.46321876774985543
1640,1640,0.6139440077781922
1641,1641,0.1385971680297617
1642,1642,0.02004713927411247
1643,1643,0.12274287172229986
1644,1644,0.26970858032456285
1645,1645,0.2540854290833897
1646,1646,0.03001670854569682
1647,1647,0.45768204140336727
1648,1648,0.16110200576089723
1649,1649,0.4795085197864429
1650,1650,0.06077045457045937
1651,1651,0.15665686090401215
1652,1652,0.1679897372035602
1653,1653,0.7558082634752193
1654,1654,0.011218305054667952
1655,1655,0.37760203680206195
1656,1656,0.03034031766038348
1657,1657,0.02850492084428287
1658,1658,0.015531605203906666
1659,1659,0.35421217124169246
1660,1660,0.2430225749814761
1661,1661,0.007836423915800144
1662,1662,0.00983875630384333
1663,1663,0.30224117560221125
1664,1664,0.1951425783886696
1665,1665,0.8925012992189559
1666,1666,0.11763659793996911
1667,1667,0.13405127487765073
1668,1668,0.04221364710462175
1669,1669,0.05923400088861168
1670,1670,0.8858714714138795
1671,1671,0.3772465432929093
1672,1672,0.0691603252299006
1673,1673,0.12686903907747307
1674,1674,0.017552383738458268
1675,1675,0.24561220001349748
1676,1676,0.3858245841543327
1677,1677,0.015854293590342104
1678,1678,0.35395289652459366
1679,1679,0.23484064924670303
1680,1680,0.1424778912873496
1681,1681,0.0168697650613537
1682,1682,0.6238030537924594
1683,1683,0.4196785710640399
1684,1684,0.6254788693276504
1685,1685,0.004254263616645017
1686,1686,0.7782389674932542
1687,1687,0.12209250915392572
1688,1688,0.3024524669620687
1689,1689,0.04475137507982415
1690,1690,0.014043591611983954
1691,1691,0.33109721269405257
1692,1692,0.14838488638089467
1693,1693,0.3270683889976174
1694,1694,0.05762394519990776
1695,1695,0.13568177666700376
1696,1696,0.48280734578253276
1697,1697,0.2468511074612301
1698,1698,0.05307930990630928
1699,1699,0.09772745221484144
1700,1700,0.01843869850712935
1701,1701,0.19132736528693162
1702,1702,0.028401811237482987
1703,1703,0.023084816858062598
1704,1704,0.6816844348816612
1705,1705,0.09243674475906535
1706,1706,0.4674672258918249
1707,1707,0.2130012562351097
1708,1708,0.8104007973714936
1709,1709,0.541816120520988
1710,1710,0.011761117174046714
1711,1711,0.43593376849310767
1712,1712,0.017791659102176883
1713,1713,0.4958373697221145
1714,1714,0.11031603041203805
1715,1715,0.00854617502883473
1716,1716,0.33465149502496017
1717,1717,0.008285043599857761
1718,1718,0.0038572848570088743
1719,1719,0.25964773748071457
1720,1720,0.0037650845112159447
1721,1721,0.6643342988412445
1722,1722,0.3890448166678516
1723,1723,0.009754844006057443
1724,1724,0.8310274183150866
1725,1725,0.3820926260578073
1726,1726,0.4034283812004912
1727,1727,0.06442373671111627
1728,1728,0.013247368361246993
1729,1729,0.8275174037377412
1730,1730,0.7010583244200465
1731,1731,0.5437324829130935
1732,1732,0.2880385792987632
1733,1733,0.06460731344722388
1734,1734,0.2848573849412536
1735,1735,0.36769360100942533
1736,1736,0.07127098108616813
1737,1737,0.645883372016633
1738,1738,0.013466017139421837
1739,1739,0.009630154512753855
1740,1740,0.5830305536390911
1741,1741,0.1413876623362848
1742,1742,0.0032866768794697415
1743,1743,0.19947206231657116
1744,1744,0.006514698795204003
1745,1745,0.003224956381199599
1746,1746,0.17020085696035647
1747,1747,0.020635203607308774
1748,1748,0.08137547941744602
1749,1749,0.002523772547673807
1750,1750,0.2419335188872984
1751,1751,0.5365494327688259
1752,1752,0.26376227180833006
1753,1753,0.7792604699370853
1754,1754,0.032794148462504495
1755,1755,0.03849054217809801
1756,1756,0.07563360079838408
1757,1757,0.006489042986374441
1758,1758,0.8675819190419921
1759,1759,0.5836463016419047
1760,1760,0.0036781954772938563
